arachne2gmod.pl acantha ~estcdna/Acantha/scaffold 100
arachne2gmod.pl diplone ~estcdna/Diplone/scaffold 100
arachne2gmod.pl euglena ~estcdna/Euglena/scaffold 100
arachne2gmod.pl giardia_est ~estcdna/Giardia/scaffold 100
arachne2gmod.pl nannoch ~estcdna/Nannoch/scaffold 100
arachne2gmod.pl pelagom ~estcdna/Pelagom/scaffold 100
arachne2gmod.pl pinguic ~estcdna/Pinguic/scaffold 100
